{
  "lang":"en",
  "name":"pipeline",
  "version":"0.0.0",
  "spacy_version":">=3.4.3,<3.5.0",
  "description":"",
  "author":"",
  "email":"",
  "url":"",
  "license":"",
  "spacy_git_version":"63673a792",
  "vectors":{
    "width":0,
    "vectors":0,
    "keys":0,
    "name":null,
    "mode":"default"
  },
  "labels":{
    "textcat":[
      "real",
      "fake"
    ]
  },
  "pipeline":[
    "textcat"
  ],
  "components":[
    "textcat"
  ],
  "disabled":[

  ],
  "performance":{
    "cats_score":0.8611111111,
    "cats_score_desc":"macro F",
    "cats_micro_p":0.8666666667,
    "cats_micro_r":0.8666666667,
    "cats_micro_f":0.8666666667,
    "cats_macro_p":0.9,
    "cats_macro_r":0.8571428571,
    "cats_macro_f":0.8611111111,
    "cats_macro_auc":0.9285714286,
    "cats_f_per_type":{
      "real":{
        "p":0.8,
        "r":1.0,
        "f":0.8888888889
      },
      "fake":{
        "p":1.0,
        "r":0.7142857143,
        "f":0.8333333333
      }
    },
    "cats_macro_auc_per_type":0.0,
    "textcat_loss":0.0308730354
  }
}