{
  "lang":"en",
  "name":"pipeline",
  "version":"0.0.0",
  "spacy_version":">=3.4.3,<3.5.0",
  "description":"",
  "author":"",
  "email":"",
  "url":"",
  "license":"",
  "spacy_git_version":"63673a792",
  "vectors":{
    "width":0,
    "vectors":0,
    "keys":0,
    "name":null,
    "mode":"default"
  },
  "labels":{
    "textcat":[
      "real",
      "fake"
    ]
  },
  "pipeline":[
    "textcat"
  ],
  "components":[
    "textcat"
  ],
  "disabled":[

  ],
  "performance":{
    "cats_score":0.9586708062,
    "cats_score_desc":"macro F",
    "cats_micro_p":0.9586834734,
    "cats_micro_r":0.9586834734,
    "cats_micro_f":0.9586834734,
    "cats_macro_p":0.9587909298,
    "cats_macro_r":0.9586109142,
    "cats_macro_f":0.9586708062,
    "cats_macro_auc":0.9921261271,
    "cats_f_per_type":{
      "real":{
        "p":0.9634408602,
        "r":0.9525159461,
        "f":0.9579472559
      },
      "fake":{
        "p":0.9541409993,
        "r":0.9647058824,
        "f":0.9593943565
      }
    },
    "cats_macro_auc_per_type":0.0,
    "textcat_loss":0.4324466633
  }
}